division_id,identifier,abstract,position,classification,applicant_type,date_accepted,date,decision
ocd-division/country:ca/csd:4806016,2015-B-0003,Consult from AB Municipal affairs ,3,consult,,2015-01-08,2015-01-21,disclosed in part
ocd-division/country:ca/csd:4806016,2015-F-0014,Consult regarding 2 emails from City of Calgary staff regarding funding cuts to JEPP and closure of the CEM College.,14,consult,,2015-01-21,2015-01-26,nothing disclosed
ocd-division/country:ca/csd:4806016,2015-P-0001,Personal Information,1,personal,,2015-01-05,2015-02-03,all disclosed
ocd-division/country:ca/csd:4806016,2015-G-0007,All records relating to snow removal at 3440 Cedarville Drive SW Calgary. ,7,general,public,2015-01-12,2015-02-06,disclosed in part
ocd-division/country:ca/csd:4806016,2015-G-0025,"A list of all building permits for new buildings for religious institutions which were rejected, the reason for rejection, a list of what building permits were ultimately approved for those locations and what conditions were necessary for approval.  Timeline is 2004 to present.",25,general,public,2015-02-03,2015-02-06,nothing disclosed
ocd-division/country:ca/csd:4806016,2015-G-0027,"Request is for traffic cam footage at Calf Robe Bridge, southbound on Deerfoot Trail SE.  Date Monday January 19 between 7:18 and 7:23 pm.",27,general,business,2015-02-05,2015-02-06,nothing disclosed
ocd-division/country:ca/csd:4806016,2015-P-0019,Personal Information,19,personal,,2015-01-29,2015-02-09,disclosed in part
ocd-division/country:ca/csd:4806016,2015-G-0009,"Outstanding Bylaw violations, remedial orders or open notices against property 1215-333 Taravista DR SE, Calgary, T3J 0H3",9,general,business,2015-01-13,2015-02-10,nothing disclosed
ocd-division/country:ca/csd:4806016,2015-G-0012,All bylaw complaints made against or by 4500 Richmond Rd SW since 2000.,12,general,public,2015-01-19,2015-02-11,disclosed in part
ocd-division/country:ca/csd:4806016,2015-G-0013,A copy of the complaint made regarding 4008 Grove Hill Road SW in September 2003.,13,general,public,2015-01-19,2015-02-17,nothing disclosed
ocd-division/country:ca/csd:4806016,2015-B-0021,Consult relates to 12 pages associated with Spyhill Provincial Aggregate Operations,21,consult,,2015-01-30,2015-02-17,all disclosed
ocd-division/country:ca/csd:4806016,2015-G-0011,"Records including correspondence for redevelopment at 1020-9AV SE, LOC 2014-0028, Time frame is 2014 January 01 to present.",11,general,public,2015-01-16,2015-02-18,disclosed in part
ocd-division/country:ca/csd:4806016,2015-G-0016,Traffic camera footage for 2015 January 12 between 1:45pm and 1:50 pm for an accident that occurred at Peigan TrailSE eastbound and Barlow Trail South bound.,16,general,public,2015-01-26,2015-02-18,nothing disclosed
ocd-division/country:ca/csd:4806016,2015-G-0023,Fire reports relating to a flood at 920 Rideau Road SW on  06 December 2009,23,general,business,2015-02-02,2015-02-18,disclosed in part
ocd-division/country:ca/csd:4806016,2015-P-0022,Personal Information,22,personal,,2015-02-02,2015-02-18,disclosed in part
ocd-division/country:ca/csd:4806016,2015-P-0036,Personal Information,36,personal,,2015-02-17,2015-02-19,nothing disclosed
ocd-division/country:ca/csd:4806016,2015-P-0018,Personal Information,18,personal,,2015-01-27,2015-02-24,disclosed in part
ocd-division/country:ca/csd:4806016,2015-P-0029,Personal Information,29,personal,,2015-02-05,2015-02-24,disclosed in part
ocd-division/country:ca/csd:4806016,2015-G-0017,Records with information about Aggregate locations and Asphalt plant.  ,17,general,business,2015-01-26,2015-02-25,nothing disclosed
ocd-division/country:ca/csd:4806016,2015-P-0020,Personal Information,20,personal,,2015-01-29,2015-02-25,disclosed in part
ocd-division/country:ca/csd:4806016,2015-G-0032,"City's postage and courier costs for each of the past 5 years from Jan 1, 2010 to Dec 31, 2014",32,general,organization,2015-02-09,2015-02-25,all disclosed
ocd-division/country:ca/csd:4806016,2015-G-0035,"Open/active bylaw violations, remedial notices and/or orders against the following property 158, 2211-19 Street NE .",35,general,business,2015-02-12,2015-02-25,nothing disclosed
ocd-division/country:ca/csd:4806016,2015-G-0040,Video footage available from the intersection of 10th Avenue SW and 14th Street SW in the city of Calgary in relation to the motor vehicle accident which occurred on 2014 October 6 ,40,general,business,2015-02-18,2015-02-25,nothing disclosed
ocd-division/country:ca/csd:4806016,2015-P-0030,Personal Information,30,personal,,2015-02-06,2015-03-02,all disclosed
ocd-division/country:ca/csd:4806016,2015-G-0039,"Fines and bylaw complaints against 2502 11 Avenue SE, Calgary, AB from 2004 January 01 to present.",39,general,public,2015-02-18,2015-03-02,disclosed in part
ocd-division/country:ca/csd:4806016,2015-G-0004,"Purchase receipts, ownership paperwork, payment details and internal communications, associated with the purchase of the following vehicles: BDX 6622; UTV 858; JFP 371; BJJ 8853; BGL 5865; DWV 635; YND 212; WPZ 479; UTV 948; BJM 9129; BJM 9126; DWU 635; RNY 108; USZ 412; EMW 846; UVB 463; UFH 398; UUL 856.",4,general,media,2015-01-08,2015-03-03,all disclosed
ocd-division/country:ca/csd:4806016,2015-G-0024,"All records presented by the city auditor to Calgary City Council at a meeting in December 2014 regarding, ""Respect in the Workplace"", and a recent complaint to the whistleblower line.",24,general,media,2015-02-02,2015-03-03,nothing disclosed
ocd-division/country:ca/csd:4806016,2015-G-0046,Fire department reports on any fire incidents or fire alarm at 4610 Hubalta Rd. during the period of 2012 January 1 to 2013 December 31.,46,general,business,2015-02-23,2015-03-03,disclosed in part
ocd-division/country:ca/csd:4806016,2015-G-0002,"Request is for copies of 4 environmental reports concerning the following parcels of land, 510-8AV SE, 520-7Av. SE, 518-6 AV SE( 553and 583 Riverfront AV)  and 518-6AV, SE",2,general,business,2015-01-07,2015-03-04,all disclosed
ocd-division/country:ca/csd:4806016,2015-G-0058,A copy of the complaint made regarding 4008 Grove Hill Road SW in September 2003.,58,general,public,2015-03-04,2015-03-04,disclosed in part
ocd-division/country:ca/csd:4806016,2015-G-0042,Records from 2010 July 1 to present related to either water use or other substance discharge from the property  on 1110 58th Ave. SE. ,42,general,business,2015-02-20,2015-03-05,disclosed in part
ocd-division/country:ca/csd:4806016,2015-G-0043,"Records related to water concerns arising from  neighboring properties of 1200, 1208, 1210 and 2012 58th Ave. SE ",43,general,business,2015-02-20,2015-03-05,disclosed in part
ocd-division/country:ca/csd:4806016,2015-F-0051,Consult on release of communication between Mayor and  Minister.,51,consult,,2015-02-24,2015-03-06,all disclosed
ocd-division/country:ca/csd:4806016,2015-G-0057,Copies of all outstanding invoices and/or bylaw infractions for the property located at 3109 Doverville Cres SE.,57,general,public,2015-03-03,2015-03-06,nothing disclosed
ocd-division/country:ca/csd:4806016,2015-G-0031,"All environmental records for the following municipal addresses: 5811 - 46 Street SE and 6025 - 46 Street SE Lot 15, Block 13, Plan 9911171, within SE-34-23-29-S4M.",31,general,business,2015-02-06,2015-03-09,all disclosed
ocd-division/country:ca/csd:4806016,2015-G-0033,Total annual cost for all cellular and mobile devices provided or covered by the City of Calgary for its employees in each of past 5 years. ,33,general,organization,2015-02-09,2015-03-09,all disclosed
ocd-division/country:ca/csd:4806016,2015-G-0034,Requesting all records regarding property on clean up/removal at this address 306 28 Ave NE from 2014,34,general,public,2015-02-10,2015-03-09,disclosed in part
ocd-division/country:ca/csd:4806016,2015-G-0026,"Statement of a driver in relation to an accident on Nov 10,14.  ",26,general,business,2015-02-05,2015-03-10,discontinued
ocd-division/country:ca/csd:4806016,2015-G-0015,All insurance and registration documentation including but not limited to 'insurance liability cards' for the following: BDX 6622; UTV 858; JFP 371; BJJ 8853; BGL 5865; DWV 635; YND 212; WPZ 479; UTV 948; BJM 9129; BJM 9126; DWU 635; RNY 108; USZ 412; EMW 846; UVB 463; UFH 398; UUL 856.,15,general,media,2015-01-20,2015-03-11,all disclosed
ocd-division/country:ca/csd:4806016,2015-G-0037,"Records of all browser search history of Calgary city councilors and mayor during the period of January 1, 2014 to February 1, 2015. Please include URLs, date, time of day.",37,general,media,2015-02-17,2015-03-11,nothing disclosed
ocd-division/country:ca/csd:4806016,2015-G-0045,"Records in complaint files since 1982 January 1 to present, on the property located at 437-23 Ave. NE.",45,general,public,2015-02-23,2015-03-11,disclosed in part
ocd-division/country:ca/csd:4806016,2015-G-0047,Requesting records of any falls in front of 15880 Shannon Link SW during the period of 2015 January 1 to 2015 January 19.,47,general,business,2015-02-23,2015-03-12,disclosed in part
ocd-division/country:ca/csd:4806016,2015-P-0049,Personal Information,49,personal,,2015-02-24,2015-03-16,disclosed in part
ocd-division/country:ca/csd:4806016,2015-G-0054,"Records pertaining to complaints or violations for the property located at 930-932 17th Ave. SW, Calgary.",54,general,business,2015-03-02,2015-03-16,disclosed in part
ocd-division/country:ca/csd:4806016,2015-G-0005,The complete bids received by The City of Calgary for Tender 14-1066 Calgary Transit Elevator and Escalator Maintenance and Service. ,5,general,business,2015-01-09,2015-03-18,disclosed in part
ocd-division/country:ca/csd:4806016,2015-G-0006,"Request is for Copies of bids and resultant purchase orders for City Files 14-1536-S01, 14-1536-S02, 14-1536-S03 and 14-1536-S04",6,general,business,2015-01-12,2015-03-18,disclosed in part
ocd-division/country:ca/csd:4806016,2015-G-0050,"Reports, comments and complaints filed with Corporate Security Unit with City of Calgary during the period of 2011 April 1 to present.",50,general,business,2015-02-25,2015-03-18,all disclosed
ocd-division/country:ca/csd:4806016,2015-G-0048,"
Requesting any outstanding bylaw complaints against  7690-110th Ave NW and 7675-110th Ave NW.",48,general,business,2015-02-24,2015-03-19,nothing disclosed
ocd-division/country:ca/csd:4806016,2015-G-0055,"Any and all video footage from Calgary Transit Bus Route 10 on February 16th, 2015.",55,general,business,2015-03-02,2015-03-19,nothing disclosed
ocd-division/country:ca/csd:4806016,2015-G-0071,"Records on vehicle, pedestrian and cycling collisions with location date and time, severity, fatality, cause & contributing factors, sex, age, hit and run stats in excel sheet format ( incident by incident basis) and easonal count data for car traffic, public transit, pedestrians and cyclists entering the CBD ",71,general,organization,2015-03-17,2015-03-19,nothing disclosed
ocd-division/country:ca/csd:4806016,2015-G-0041,"Records on removal of poplar trees in Crescent Heights Park or on Crescent Road NW during the period of 2012 January 1st to present.
Internal correspondence on the poplar trees in front of 530 Crescent Road NW during the period of 2006 January 1 to 2010 December 31.",41,general,public,2015-02-18,2015-03-20,disclosed in part
ocd-division/country:ca/csd:4806016,2015-G-0060,Before and after photos and any associated documents related to a complaint  at 103 Templeson Way NE which was logged in December 2014.,60,general,public,2015-03-10,2015-03-20,disclosed in part
ocd-division/country:ca/csd:4806016,2015-G-0008,"A copy of  floor plans, house drawings, blueprints for 150 Maunsell Close NE, Calgary. The time period for this is the early 1980's.",8,general,public,2015-01-13,2015-03-24,all disclosed
ocd-division/country:ca/csd:4806016,2015-G-0059,"Records on any landfills or dump sites on or near the properties; sewers bylaw and sewers use bylaw fines, deficiencies, claims, work orders, notices and inspections relating to 210-16th Ave NE and 222-16 Ave NE.",59,general,academia,2015-03-10,2015-03-24,disclosed in part
ocd-division/country:ca/csd:4806016,2015-G-0063,Bus driver's statement who was involved in a collision on November 10th of 2014 ,63,general,business,2015-03-12,2015-03-26,nothing disclosed
ocd-division/country:ca/csd:4806016,2015-G-0010,"Environmental reports: ""Limited Level Two Environmental Site Assessment of 555-2nd Avenue SW Calgary, Alberta""; ""Phase I Environmental Assessment""; 
""Phase I Environmental Site Assessment 600-3 Avenue SW Calgary, Alberta""; ""Phase I Environmental Site Assessment, 633-3rd Avenue SW, Calgary, Alberta""
""Phase I Environmental Site Assessment, Lots 16 to 20, Block 13, Plan A1, 709-3 Avenue SW, 303, 305, 307 - 6th Street SW, Calgary, Alberta""",10,general,business,2015-01-15,2015-03-27,all disclosed
ocd-division/country:ca/csd:4806016,2015-G-0028,"Correspondence associated with Land Use Application LOC2014-0104 dealt with by City Council at the Public Hearing held on January 12 and 13, 2015. Further, the messages exchanged between the City Council members during and after the public hearing for LOC2014-0104 leading up to the decision to ""file"" the application and the defeat of the motion to re-open the 50th Avenue ARP.",28,general,business,2015-02-05,2015-03-27,disclosed in part
ocd-division/country:ca/csd:4806016,2015-P-0053,Personal Information,53,personal,,2015-03-02,2015-03-30,nothing disclosed
ocd-division/country:ca/csd:4806016,2015-G-0061,Environmental/Scientific/Technical reports from all applicable City business units EXCEPT from the Environmental & Safety Management (ESM) for the following property (City Owned):  332 - 94 Avenue S.E (Plan 3075JK; Block 1; Lot 55) - timelines:  1950 to Present,61,general,business,2015-03-11,2015-03-30,all disclosed
ocd-division/country:ca/csd:4806016,2015-G-0064,"Requesting any and all legal judgments against the City of Calgary by any and all courts in the amount of $50,000 or more as well as all legal settlements where The City paid a compliant $50,000 or more during the period of October 2010 to January 2015.",64,general,media,2015-03-12,2015-03-30,nothing disclosed
ocd-division/country:ca/csd:4806016,2015-P-0072,Personal Information,72,personal,,2015-03-19,2015-03-30,nothing disclosed
ocd-division/country:ca/csd:4806016,2015-P-0062,Personal Information,62,personal,,2015-03-12,2015-03-31,disclosed in part
ocd-division/country:ca/csd:4806016,2015-G-0065,Service records and the overall number  of all vehicles owned or leased by the City of Calgary for use by Mayor Naheed Nenshi and his office staff.,65,general,media,2015-03-12,2015-04-01,all disclosed
ocd-division/country:ca/csd:4806016,2013-G-0010-005,"Agendas, minutes and related supporting documents for ALT from Jan 2011 to present.  Applicant also is asking to make this a continuing request.",10,general,media,2015-03-03,2015-04-02,disclosed in part
ocd-division/country:ca/csd:4806016,2015-G-0074,"Requestingany environmental records for the property located at 4307 10 Avenue SE, SW-15-24-29 W4M from 1900 to present.",74,general,business,2015-03-24,2015-04-02,all disclosed
ocd-division/country:ca/csd:4806016,2015-G-0075,"Environmental records for the following properties:
-5225, 1 Street SW
-5232, 1A Street SW
-5229, 1 Street SW
-5237, 1 Street SW
for the period going back as far as possible",75,general,business,2015-03-25,2015-04-02,all disclosed
ocd-division/country:ca/csd:4806016,2015-G-0067,Records and/or information pertaining to complaints or violations for the property located at 517 67 Ave SW and 531 67 Ave SW.,67,general,business,2015-03-13,2015-04-06,disclosed in part
ocd-division/country:ca/csd:4806016,2015-G-0066,Records and/or information pertaining to complaints or violations for  the property located at 6711 Macleod Trail SW and 612 67 Ave SW.,66,general,business,2015-03-13,2015-04-13,disclosed in part
ocd-division/country:ca/csd:4806016,2015-G-0076,Scientific/technical information relating to the environmental condition on the property located at 520-27 Ave NE ( previously 516-27 Ave NE) from as far back as possible.,76,general,business,2015-03-25,2015-04-15,nothing disclosed
ocd-division/country:ca/csd:4806016,2015-G-0080,Suspension of construction of the property located at 918 McPherson Square NE ,80,general,public,2015-04-01,2015-04-21,discontinued
ocd-division/country:ca/csd:4806016,2015-G-0077,"Requesting any records on spills, hazardous material storage, or emergency responses for the property at 2221-41 Avenue NE.",77,general,business,2015-03-27,2015-04-27,disclosed in part
ocd-division/country:ca/csd:4806016,2015-G-0090,"Scientific/technical information including environmental reports for the west end of southland drive SW location since 1900 to present

",90,general,business,2015-04-13,2015-04-30,nothing disclosed
ocd-division/country:ca/csd:4806016,2015-G-0103,"Analysis the City of Calgary completed or any data it used to determine of ratepayers could afford the city's last two property tax increases for the period from January 1, 2013-present.",103,general,business,2015-04-20,2015-04-30,nothing disclosed
ocd-division/country:ca/csd:4806016,2015-G-0104,List of any services identified by the City as possible opportunities for contracting out or partnering with a third party.,104,general,business,2015-04-20,2015-04-30,nothing disclosed
ocd-division/country:ca/csd:4806016,2015-G-0105,Data on the revenues and expenditures for each of the city's pool and fitness centers in 2014.,105,general,business,2015-04-20,2015-04-30,all disclosed
ocd-division/country:ca/csd:4806016,2015-G-0106,List of the City of Calgary's core services.,106,general,business,2015-04-20,2015-04-30,nothing disclosed
ocd-division/country:ca/csd:4806016,2015-G-0107,List of services provided by the City of Calgary.,107,general,business,2015-04-20,2015-04-30,nothing disclosed
ocd-division/country:ca/csd:4806016,2015-G-0098,"Information on any leakage, spill, contaminations and/or remediation records for the property located at 615- 36 St. NE from 2000 to 2015.",98,general,business,2015-04-16,2015-05-01,disclosed in part
ocd-division/country:ca/csd:4806016,2015-G-0102,"Records pertaining to the property at 106 Elgin Terrace SE from January 1, 2012 to April 15, 2015.",102,general,business,2015-04-20,2015-05-01,disclosed in part
ocd-division/country:ca/csd:4806016,2015-G-0081,"""Phase II Environmental Site Assessment 16A Street SE Calgary, AB"" for the property located at 4016-16A Street SE from 2009-08-31.",81,general,business,2015-04-01,2015-05-04,all disclosed
ocd-division/country:ca/csd:4806016,2015-P-0082,Personal Information,82,personal,,2015-04-02,2015-05-04,disclosed in part
ocd-division/country:ca/csd:4806016,2015-G-0083,Environmental records for the property located at 1531-21st Avenue NW dating back approximately 100 years.,83,general,business,2015-04-02,2015-05-07,disclosed in part
ocd-division/country:ca/csd:4806016,2015-G-0110,"Records of spills, hazardous material storage, or emergency responses for the property at 3750-19 Street NE.",110,general,business,2015-04-24,2015-05-07,nothing disclosed
ocd-division/country:ca/csd:4806016,2015-G-0092,"Records regarding bylaw infractions for the property at 2, 2280-39th Ave NE, Condominium plan 9510448 Unit 2.
",92,general,business,2015-04-15,2015-05-11,nothing disclosed
ocd-division/country:ca/csd:4806016,2015-G-0094,Environmental records for the property located at 860-101 Street SW ( SW-21-024-02 W5M),94,general,business,2015-04-16,2015-05-11,nothing disclosed
ocd-division/country:ca/csd:4806016,2015-G-0097,Environmental records for the property located at 8888R 12th Ave SW ( SE-21-24-02 W5M),97,general,business,2015-04-16,2015-05-11,nothing disclosed
ocd-division/country:ca/csd:4806016,2015-B-0124,Consult from Alberta Health,124,consult,,2015-05-11,2015-05-15,all disclosed
ocd-division/country:ca/csd:4806016,2015-G-0073,"Environmental reports for 1018 - 9th Ave and 1020 - 9th Ave SE, and for 1006, 1012 and 1018 - 9th Ave SE.",73,general,business,2015-03-20,2015-05-20,all disclosed
ocd-division/country:ca/csd:4806016,2015-G-0087,"Environmental records for the property located at 7705 Flint Road SE, plan 873LK, Block 12, Lot C,  dating back approximately 100 years.",87,general,business,2015-04-14,2015-05-22,disclosed in part
ocd-division/country:ca/csd:4806016,2015-G-0108,List of all external reports that were commissioned and paid for by the city auditor in January 2014-December 2014,108,general,public,2015-04-20,2015-05-22,disclosed in part
ocd-division/country:ca/csd:4806016,2015-G-0109,"Records on ""annual sick leave liability"" for COC.  ",109,general,organization,2015-04-23,2015-05-25,all disclosed
ocd-division/country:ca/csd:4806016,2015-P-0117,Personal Information,117,personal,,2015-04-24,2015-05-25,nothing disclosed
ocd-division/country:ca/csd:4806016,2015-G-0114,"Information on leakage, spills or contamination, remediation status about storage tank that is located at 21 Crowfoot Circle NW which was decommissioned in 2001. Please provide records for the period of 1995 to present.",114,general,business,2015-04-27,2015-05-26,nothing disclosed
ocd-division/country:ca/csd:4806016,2015-P-0115,Personal Information,115,personal,,2015-04-28,2015-05-26,disclosed in part
ocd-division/country:ca/csd:4806016,2015-B-0130,Consult from Alberta Environment And Sustainable Resource Development.,130,consult,,2015-05-20,2015-05-26,nothing disclosed
ocd-division/country:ca/csd:4806016,2015-G-0086,"Copies of Councillor Magliocca's emails, sent and received, between November 1, 2014 and February 28, 2015.",86,general,public,2015-04-08,2015-05-27,discontinued
ocd-division/country:ca/csd:4806016,2015-G-0121,"Requesting environmental reports or records pertaining to properties located at:
1511-34th St. SE (Plan 4649GL, Parcel B)
3345-12th Ave. SE (Plan 2870JK, Block 4, Lot B north portion)
3416-16th Ave SE (Plan 2870JK, Block 4, Lot B south portion)
within SE 16-24-29 W4M;
for the period of 1900's to present.",121,general,business,2015-05-07,2015-05-28,nothing disclosed
ocd-division/country:ca/csd:4806016,2015-G-0112,"Documents, correspondence relating to the parking policy pilot project that is being carried out in respect of the Inglewood community for the period of 2014 July 1 to present.",112,general,public,2015-04-24,2015-05-29,disclosed in part
ocd-division/country:ca/csd:4806016,2015-G-0070,"Scientific/technical information including environmental reports for 930 & 932-17 Ave SW
",70,general,business,2015-03-16,2015-06-02,disclosed in part
ocd-division/country:ca/csd:4806016,2015-G-0127,"Policy and/or procedure on required number of staff in different areas (i.e. gym, studios, reception) as well as information on recent changes with regards to rooms/studios restricted access at the Southland Leisure Center.",127,general,public,2015-05-13,2015-06-02,nothing disclosed
ocd-division/country:ca/csd:4806016,2015-G-0119,Records dealing with water and storm sewer lines in the vicinity of 50th Avenue and Elbow Drive SW from 2000 Jan 1 to current (2015 May 1),119,general,business,2015-05-01,2015-06-03,disclosed in part
ocd-division/country:ca/csd:4806016,2015-P-0120,Personal Information,120,personal,,2015-05-04,2015-06-03,disclosed in part
ocd-division/country:ca/csd:4806016,2015-P-0123,Personal Information,123,personal,,2015-05-07,2015-06-09,disclosed in part
ocd-division/country:ca/csd:4806016,2015-P-0144,Personal Information,144,personal,,2015-06-03,2015-06-09,disclosed in part
ocd-division/country:ca/csd:4806016,2015-G-0141,"Documentation related to maintenance and costs associated with work done on in-ground infrastructure at the Midfield Mobile Home Park. Please include documents, not limited to emails, reports, bills, receipts, forms and other notes taken.",141,general,public,2015-05-29,2015-06-10,discontinued
ocd-division/country:ca/csd:4806016,2015-G-0079,"Records on soil and groundwater and environmental deformation pertaining the property on 4811 1st Street.
",79,general,business,2015-03-30,2015-06-15,disclosed in part
ocd-division/country:ca/csd:4806016,2015-G-0128,"Documents associated with Calgary Electrical permit EP2014-21160 for the property located at 1617 26th Ave SW for the time period of October 27, 2014-February 4, 2015.",128,general,public,2015-05-14,2015-06-15,disclosed in part
ocd-division/country:ca/csd:4806016,2015-G-0129,Records on all dog bites & attacks ( dog breeds and dates of incidents) from 2010-present.,129,general,public,2015-05-15,2015-06-15,discontinued
ocd-division/country:ca/csd:4806016,2015-G-0078,"Scientific/technical information including environmental reports for the  5851 Richmond Rd. SW
",78,general,business,2015-03-30,2015-06-17,disclosed in part
ocd-division/country:ca/csd:4806016,2015-G-0089,"Scientific/technical information including environmental reports for the location adjacent to 90th Ave SW since 1900 to present:

",89,general,business,2015-04-13,2015-06-17,disclosed in part
ocd-division/country:ca/csd:4806016,2015-G-0088,"Scientific/technical information including environmental reports for west end of 162 Ave SW  since 1900 to present:
",88,general,business,2015-04-13,2015-06-18,disclosed in part
ocd-division/country:ca/csd:4806016,2015-P-0131,Personal Information,131,personal,,2015-05-19,2015-06-18,disclosed in part
ocd-division/country:ca/csd:4806016,2015-G-0136,"Copy of a ""Nexen Pipeline Removal"" report by Nexen from 2012/07/17 as identified on City Online for the property located at 8220-52 St. NE",136,general,business,2015-05-26,2015-06-18,all disclosed
ocd-division/country:ca/csd:4806016,2015-G-0134,"Diversion rates, that is, the amount of waste that is diverted away from landfills, such as organics/compost and recycling; the solid waste department's most recent Diversion Rate report, with a breakdown by collection route; solid waste department's methodology for determining their Diversion Rates; and annual operating budget for all solid waster related services, for the previous fiscal year",134,general,public,2015-05-26,2015-06-23,all disclosed
ocd-division/country:ca/csd:4806016,2015-G-0147,Number of hours and dollar value of overtime claimed by each municipal employee in 2014.,147,general,public,2015-06-08,2015-06-23,all disclosed
ocd-division/country:ca/csd:4806016,2015-G-0084,Five environmental reports re 10036-44 Ave NW.,84,general,business,2015-04-07,2015-06-25,disclosed in part
ocd-division/country:ca/csd:4806016,2015-G-0174,"Corporate information related to Business Tax account or other Finance Department related accounts (i.e.Utilities); Clarified on April 14, 2015: accounts in good standings if they are not please include reason.",174,general,business,2015-04-14,2015-06-25,discontinued
ocd-division/country:ca/csd:4806016,2015-G-0152,Correspondence between the mayor and the province in 2014 on the subject of provincial funding for municipal programs.,152,general,public,2015-06-10,2015-06-25,all disclosed
ocd-division/country:ca/csd:4806016,2015-G-0153,List of twitter user names used by the municipality for official business as of the time of  2015 June 10.,153,general,public,2015-06-10,2015-06-25,all disclosed
ocd-division/country:ca/csd:4806016,2015-G-0162,Records on rationale for  synchronization of traffic lights in the downtown core and on Macleod Trail ( from the core to approximately Anderson Rd.),162,general,business,2015-06-19,2015-06-25,nothing disclosed
ocd-division/country:ca/csd:4806016,2015-G-0137,Requesting records on any past incidents involving a dog associated to 507 Harvest Lake Dr. NE.,137,general,business,2015-05-27,2015-06-26,disclosed in part
ocd-division/country:ca/csd:4806016,2015-G-0148,"Correspondence between the City and payday loan operators and the City and the Government of Alberta related to possible additional requirements, controls or regulations of the payday loan business.",148,general,public,2015-06-08,2015-06-26,nothing disclosed
ocd-division/country:ca/csd:4806016,2015-G-0151,"Record of any bylaw complaints for the property 108, 6440-4th St. NW for the period of January 1, 2015- June 1, 2015",151,general,public,2015-06-09,2015-06-26,disclosed in part
ocd-division/country:ca/csd:4806016,2015-G-0160,Environmental records or reports for 140-16 Ave. NW since 1900 to present.,160,general,business,2015-06-17,2015-06-26,nothing disclosed
ocd-division/country:ca/csd:4806016,2015-P-0143,Personal Information,143,personal,,2015-06-03,2015-06-29,disclosed in part
ocd-division/country:ca/csd:4806016,2015-G-0085,"All tender documents submitted for ""Bowness Sanitary Offload Trunk, Phase 1B"" ",85,general,business,2015-04-08,2015-06-30,disclosed in part
ocd-division/country:ca/csd:4806016,2015-G-0091,"Scientific/technical information including environmental reports for Anderson Rd from 8 St SW to 30 St SW since 1900 to present

",91,general,business,2015-04-13,2015-07-02,disclosed in part
ocd-division/country:ca/csd:4806016,2015-P-0173,Personal Information,173,personal,,2015-04-14,2015-07-02,discontinued
ocd-division/country:ca/csd:4806016,2015-G-0139,Documents related to all major and minor traffic collisions/traffic accidents involving vehicles owned by the City of Calgary Fire Department.,139,general,public,2015-05-29,2015-07-02,all disclosed
ocd-division/country:ca/csd:4806016,2015-G-0161,Environmental records for 4501 Manitoba Rd. SE from 1900 to present.,161,general,business,2015-06-17,2015-07-02,all disclosed
ocd-division/country:ca/csd:4806016,2015-P-0145,Personal Information,145,personal,,2015-06-04,2015-07-06,disclosed in part
ocd-division/country:ca/csd:4806016,2015-P-0171,Personal Information,171,personal,,2015-06-25,2015-07-06,discontinued
ocd-division/country:ca/csd:4806016,2015-G-0146,"Records related to vandalism, damage, structure or structural damage or glass panels in relation to the Peace Bridge for the period of September 1, 2014 to April 30, 2015",146,general,public,2015-06-08,2015-07-07,disclosed in part
ocd-division/country:ca/csd:4806016,2015-G-0150,"Records on the fire that occurred on April 20, 2015 at 10772 Hidden Valley Dr. NW",150,general,public,2015-06-08,2015-07-07,disclosed in part
ocd-division/country:ca/csd:4806016,2015-G-0168,"Records indicating the number of sick days taken by municipal employees in each of 2012, 2013 & 2014.",168,general,public,2015-06-23,2015-07-07,all disclosed
ocd-division/country:ca/csd:4806016,2015-P-0111,"Copies of the blueprint: BP89-02550 Box # 65031 regarding the property at 1-2125, 34 Ave SW.",111,personal,,2015-04-24,2015-07-09,disclosed in part
ocd-division/country:ca/csd:4806016,2015-G-0100,"Environmental records for the property located at 6969-112th Ave. SE up to April17, 2015.",100,general,business,2015-04-17,2015-07-10,disclosed in part
ocd-division/country:ca/csd:4806016,2015-G-0154,"Electronic file ( in excel, access or delimited text) of all freedom of information requests received since January 1, 2012, including requests that remain uncompleted. Please include fields containing the following information: request number, request summary, type of requested (academic, media, etc.), whtehr sensitive or contentious request, date received, date request completed, disclosure decision, reason for time extension, extension duration in days, exemptions applied, whether a complain or appeal was started, and the outcome of any complaint or appeal.",154,general,public,2015-06-10,2015-07-10,disclosed in part
ocd-division/country:ca/csd:4806016,2015-B-0188,Consult from Environment and Parks Government of Alberta.,188,consult,,2015-07-10,2015-07-10,all disclosed
ocd-division/country:ca/csd:4806016,2015-G-0095,Environmental records for the property located at 11821 TransCanada HWY SW ( SE-31-24-2 W5M),95,general,business,2015-04-16,2015-07-13,all disclosed
ocd-division/country:ca/csd:4806016,2015-G-0101,"Scientific, environmental, technical, historical, inspection reportsfor the property located at 8038 Fairmount Dr. SE for the time period as far as possible up to April 20, 2015.",101,general,business,2015-04-20,2015-07-13,disclosed in part
ocd-division/country:ca/csd:4806016,2015-G-0149,Please provide copy of files DP2011-1635 & DP2013-3719.,149,general,business,2015-06-05,2015-07-13,discontinued
ocd-division/country:ca/csd:4806016,2015-P-0179,Personal Information,179,personal,,2015-06-29,2015-07-13,all disclosed
ocd-division/country:ca/csd:4806016,2015-G-0156,"Reports, studies, measure, policies and all other documents relating to Traffic Calming in the communities of Upper Mount Royal & Lower Mount Royal.",156,general,business,2015-06-15,2015-07-15,disclosed in part
ocd-division/country:ca/csd:4806016,2015-P-0155,Personal Information,155,personal,,2015-06-15,2015-07-15,disclosed in part
ocd-division/country:ca/csd:4806016,2015-G-0164,"Bylaw complaints filed for the 608 10th Street NE during the period of January1, 2012 to September 1, 2012.",164,general,public,2015-06-19,2015-07-15,disclosed in part
ocd-division/country:ca/csd:4806016,2015-G-0167,Municipality's social media communications plan and its internal policy for employee use of social media.,167,general,public,2015-06-23,2015-07-15,all disclosed
ocd-division/country:ca/csd:4806016,2015-P-0180,Personal Information,180,personal,,2015-07-02,2015-07-15,all disclosed
ocd-division/country:ca/csd:4806016,2015-B-0194,Consult from Environment and Parks Government of Alberta.,194,consult,,2015-07-15,2015-07-15,all disclosed
ocd-division/country:ca/csd:4806016,2015-P-0196,Personal Information,196,personal,,2015-07-16,2015-07-17,discontinued
ocd-division/country:ca/csd:4806016,2015-P-0178,Personal Information,178,personal,,2015-06-26,2015-07-21,disclosed in part
ocd-division/country:ca/csd:4806016,2015-G-0184,Records or reports for 140-16 Ave. NW since 1900 to present.,184,general,business,2015-07-06,2015-07-21,nothing disclosed
ocd-division/country:ca/csd:4806016,2015-G-0093,Report or spreadsheet which reflects Prime Consultant (architectural) contracts entered into by the City of Calgary Supply Management for the past 10 years,93,general,business,2015-04-14,2015-07-23,all disclosed
ocd-division/country:ca/csd:4806016,2015-G-0166,"Records of the names, salary ranges and classifications of all municipal employees with a media relations or public information function, and the total pay and benefits costs for each of 2012, 2013 and 2014 for media relations and communications.",166,general,public,2015-06-23,2015-07-23,disclosed in part
ocd-division/country:ca/csd:4806016,2015-G-0181,"Reports on fire that occurred on April 5, 2015 at the following two properties: 10768 Hidden Valley Dr. NW & 10772 Hidden Valley Dr. NW",181,general,business,2015-07-06,2015-07-23,disclosed in part
ocd-division/country:ca/csd:4806016,2015-P-0201,Personal Information,201,personal,,2015-07-22,2015-07-23,discontinued
ocd-division/country:ca/csd:4806016,2015-G-0118,Any & all information regarding the environmental status/reports for the property located at 800 144th Ave. NE.,118,general,business,2015-04-29,2015-07-25,all disclosed
ocd-division/country:ca/csd:4806016,2015-P-0177,Personal Information,177,personal,,2015-06-26,2015-07-27,disclosed in part
ocd-division/country:ca/csd:4806016,2015-G-0199,"Environmental records pertaining to 2404-50th Street SE, Plan 316 GV Block 7, 9-10-24-29-W4M  from 1900 to present.",199,general,business,2015-07-15,2015-07-27,all disclosed
ocd-division/country:ca/csd:4806016,2015-P-0176,Personal Information,176,personal,,2015-06-26,2015-07-28,disclosed in part
ocd-division/country:ca/csd:4806016,2015-G-0122,Third party documents in the Development Permit file #1998-4222 for the Burnco Springbank Gravel Pit.,122,general,public,2015-05-07,2015-07-29,disclosed in part
ocd-division/country:ca/csd:4806016,2015-G-0099,Environmental records for the property located at 6900-112th Ave. SE,99,general,business,2015-04-17,2015-07-31,disclosed in part
ocd-division/country:ca/csd:4806016,2015-G-0133,"Environmental, scientific (technical) records pertaining to the property located at 1436-8th Street SW.",133,general,business,2015-05-22,2015-07-31,disclosed in part
ocd-division/country:ca/csd:4806016,2015-P-0183,Personal Information,183,personal,,2015-07-06,2015-08-05,disclosed in part
ocd-division/country:ca/csd:4806016,2015-G-0203,Copy of correspondence to the Mayor re attendance to inspect pot holes near Bearspaw Christian School ,203,general,public,2015-07-24,2015-08-05,disclosed in part
ocd-division/country:ca/csd:4806016,2015-G-0157,"Reports  and all other documents relating to the Cycle Track and bicycle lanes in Upper Mount Royal,  Lower Mount Royal & Downtown Calgary",157,general,public,2015-06-15,2015-08-07,discontinued
ocd-division/country:ca/csd:4806016,2015-P-0186,Personal Information,186,personal,,2015-07-08,2015-08-07,all disclosed
ocd-division/country:ca/csd:4806016,2015-G-0195,Records of environmental concerns pertaining to 5502 56th Ave.,195,general,business,2015-07-15,2015-08-11,disclosed in part
ocd-division/country:ca/csd:4806016,2015-B-0206,Consult from Alberta Transportation,206,consult,,2015-07-27,2015-08-12,disclosed in part
ocd-division/country:ca/csd:4806016,2015-G-0213,Documents submitted by winning bidder for request for proposal #14-1752.,213,general,business,2015-07-27,2015-08-12,nothing disclosed
ocd-division/country:ca/csd:4806016,2015-G-0197,"Fire Report for August 14th, 2013 fire  at 315 Southampton Dr. SW",197,general,business,2015-07-15,2015-08-13,disclosed in part
ocd-division/country:ca/csd:4806016,2015-G-0198,"Fire Report for July 5, 2011 fire at 5815 Bow Crescent NW and  5819 Bow Crescent NW.",198,general,business,2015-07-15,2015-08-13,disclosed in part
ocd-division/country:ca/csd:4806016,2015-G-0214,"Unclaimed cheques issued between 2014 January 1 to 2014 December 31, and still outstanding by 2015 July 1.",214,general,business,2015-07-27,2015-08-13,disclosed in part
ocd-division/country:ca/csd:4806016,2015-G-0187,"Copies of the Phase II Environmental Site Assessment, Soil Remediation and Phase I Environmental Assessment reports re 18150-56 St. SE",187,general,business,2015-08-09,2015-08-13,disclosed in part
ocd-division/country:ca/csd:4806016,2015-G-0215,Bylaw complaints re 129 Cedarbrook Bay SW ,215,general,business,2015-07-30,2015-08-17,nothing disclosed
ocd-division/country:ca/csd:4806016,2015-G-0218,"Copy of Untitled report dated November 26, 2014 & whistle blower investigation report with regards to the Independent investigation on December 8, 2014 from the city auditor's.",218,general,public,2015-07-30,2015-08-17,nothing disclosed
ocd-division/country:ca/csd:4806016,2015-F-0219,Federal Consult from Fisheries & Oceans Canada,219,consult,government,2015-07-28,2015-08-19,all disclosed
ocd-division/country:ca/csd:4806016,2015-G-0205,"Documentation on complaints and any other information pertaining to the property located at 410, 412-6th St. NE dating back to 1980.",205,general,public,2015-07-23,2015-08-21,disclosed in part
ocd-division/country:ca/csd:4806016,2015-G-0170,"Records of correspondence between City of Calgary employees & elected officials and Brent Friesen and other AHS employees relating to e-cigarettes, vaporizers, smoking cessation, smoking cessation treatment, smoking cessation programs, ""vaping"", ""e-cigs"", and electronic nicotine delivery systems",170,general,organization,2015-06-23,2015-08-24,disclosed in part
ocd-division/country:ca/csd:4806016,2015-P-0202,Personal Information,202,personal,public,2015-07-23,2015-08-24,disclosed in part
ocd-division/country:ca/csd:4806016,2015-G-0200,Not applicable,200,general,business,2015-07-21,2015-08-25,discontinued
ocd-division/country:ca/csd:4806016,2015-G-0208,Bylaw and landuse complaints against 436-48 Ave. SW ,208,general,public,2015-07-28,2015-08-25,disclosed in part
ocd-division/country:ca/csd:4806016,2015-G-0207,Bylaw records regarding 14 Bridlewood Park SW ,207,general,public,2015-07-27,2015-08-26,disclosed in part
ocd-division/country:ca/csd:4806016,2015-G-0169,"Records relating to e-cigarettes, vaporizers, smoking cessation, smoking cessation treatment, smoking cessation programs, ""vaping"", ""e-cigs"", and electronic nicotine delivery systems",169,general,organization,2015-06-23,2015-08-27,disclosed in part
ocd-division/country:ca/csd:4806016,2015-G-0185,Bylaw infractions regarding 1540 Copperfield Blvd SE.,185,general,public,2015-07-06,2015-08-27,disclosed in part
ocd-division/country:ca/csd:4806016,2015-G-0204,Records concerning work that was completed by City of Calgary on 328-86th Ave. SE and its vicinity,204,general,business,2015-07-27,2015-08-27,disclosed in part
ocd-division/country:ca/csd:4806016,2015-G-0212,"Environmental, scientific (technical) records pertaining to the property located at 850-16th Ave. SW ",212,general,business,2015-07-29,2015-08-27,disclosed in part
ocd-division/country:ca/csd:4806016,2015-G-0217,Copies of nominations forms for the 2011 internal City awards ( Stars Awards) which were submitted for the River Park/Sandy Beach/Britannia Slopes public engagement processes.,217,general,public,2015-07-30,2015-08-27,disclosed in part
ocd-division/country:ca/csd:4806016,2015-G-0220,"Fire report which occurred at 800-33 Heritage Dr. SE on May, 2015.
",220,general,business,2015-08-05,2015-08-27,disclosed in part
ocd-division/country:ca/csd:4806016,2015-G-0216,Copies of nominations forms for the 2014 internal City awards ( Stars Awards) which were submitted for the Action Plan 2015-18 public engagement process.,216,general,public,2015-07-30,2015-08-28,disclosed in part
ocd-division/country:ca/csd:4806016,2015-B-0240,Consult from AHS,240,consult,government,2015-08-25,2015-08-31,disclosed in part
ocd-division/country:ca/csd:4806016,2015-G-0182,Updates on connect smart card system for Calgary Transit,182,general,public,2015-07-06,2015-09-01,discontinued
ocd-division/country:ca/csd:4806016,2015-G-0159,Environmental reports on 4733-52 Ave. SE,159,general,business,2015-06-16,2015-09-02,all disclosed
ocd-division/country:ca/csd:4806016,2015-G-0192,"Drawings, RPR for 152 Taralke Terrace NE",192,general,business,2015-07-09,2015-09-03,all disclosed
ocd-division/country:ca/csd:4806016,2015-P-0221,Personal Information,221,personal,,2015-08-05,2015-09-03,disclosed in part
ocd-division/country:ca/csd:4806016,2015-P-0222,Personal Information,222,personal,,2015-08-06,2015-09-08,nothing disclosed
ocd-division/country:ca/csd:4806016,2015-G-0223,Environmental reports for 95 Hawkwood Hill NW,223,general,business,2015-08-11,2015-09-09,nothing disclosed
ocd-division/country:ca/csd:4806016,2015-G-0224,N/A,224,general,public,2015-08-12,2015-09-09,discontinued
ocd-division/country:ca/csd:4806016,2015-G-0225,"Correspondence regarding ""Canadian Taxpayers Federation""",225,general,business,2015-08-12,2015-09-09,disclosed in part
ocd-division/country:ca/csd:4806016,2015-G-0172,A list of building and development plans active and a list of rezoning plans for the past year,172,general,business,2015-03-03,2015-09-10,discontinued
ocd-division/country:ca/csd:4806016,2015-P-0227,Personal Information,227,personal,,2015-08-12,2015-09-10,disclosed in part
ocd-division/country:ca/csd:4806016,2015-G-0210,Reports on a fire that occurred at  153 Auburn Bay Blvd SE and 155 Auburn Bay Blvd SE,210,general,business,2015-07-29,2015-09-11,disclosed in part
ocd-division/country:ca/csd:4806016,2015-G-0226,Records related to the use of public money to be directed to a new Calgary Flames arena. ,226,general,business,2015-08-12,2015-09-11,disclosed in part
ocd-division/country:ca/csd:4806016,2015-P-0234,Personal Information,234,personal,,2015-08-19,2015-09-14,all disclosed
ocd-division/country:ca/csd:4806016,2015-G-0250,Copy of a business license,250,general,business,2015-08-31,2015-09-14,disclosed in part
ocd-division/country:ca/csd:4806016,2015-F-0256,Consult from Infrastructure Canada,256,consult,,2015-09-08,2015-09-14,all disclosed
ocd-division/country:ca/csd:4806016,2015-B-0257,Consult from Alberta Justice and Solicitor General,257,consult,,2015-09-09,2015-09-14,all disclosed
ocd-division/country:ca/csd:4806016,2015-F-0258,Consult from Infrastructure Canada,258,consult,,2015-09-09,2015-09-14,all disclosed
ocd-division/country:ca/csd:4806016,2015-G-0261,Property assessment data for the City of Calgary,261,general,public,2015-09-10,2015-09-14,nothing disclosed
ocd-division/country:ca/csd:4806016,2015-G-0264,Calgary housing garbage and recycling contract.,264,general,business,2015-09-10,2015-09-14,discontinued
ocd-division/country:ca/csd:4806016,2015-G-0209,"Combined Phase I & II Environmental Assessment, 16211 24th Streeet SW.",209,general,business,2015-07-29,2015-09-16,disclosed in part
ocd-division/country:ca/csd:4806016,2015-G-0228,Records related to contracts between Zinc Tankand the office of the mayor.,228,general,organization,2015-08-13,2015-09-16,nothing disclosed
ocd-division/country:ca/csd:4806016,2015-G-0229,Records related to contracts between Strafraen Digital and the office of the mayor or any staff.,229,general,organization,2015-08-13,2015-09-16,nothing disclosed
ocd-division/country:ca/csd:4806016,2015-P-0230,Personal Information,230,personal,,2015-08-17,2015-09-16,disclosed in part
ocd-division/country:ca/csd:4806016,2015-P-0235,Personal Information,235,personal,,2015-08-20,2015-09-16,nothing disclosed
ocd-division/country:ca/csd:4806016,2015-G-0233,"Records related to the City Charter and new tax powers for cities/municipalities, including but not limited to correspondence between The City of Calgary, Office of the Mayor, Offices of the Counsellors, staff and the Province of Alberta. ",233,general,organization,2015-08-18,2015-09-17,nothing disclosed
ocd-division/country:ca/csd:4806016,2015-G-0253,Copies of the complaint files,253,general,public,2015-09-02,2015-09-18,disclosed in part
ocd-division/country:ca/csd:4806016,2015-B-0265,Consult from AHS,265,consult,,2015-09-14,2015-09-18,disclosed in part
ocd-division/country:ca/csd:4806016,2015-G-0236,Copy of a complaint file,236,general,public,2015-08-20,2015-09-21,disclosed in part
ocd-division/country:ca/csd:4806016,2015-P-0237,Personal Information,237,personal,,2015-08-20,2015-09-21,disclosed in part
ocd-division/country:ca/csd:4806016,2015-G-0238,Bylaw complaints made against 78 Martha's Meadow Close NE ,238,general,public,2015-08-21,2015-09-21,disclosed in part
ocd-division/country:ca/csd:4806016,2015-G-0259,Copy of a 311 call,259,general,organization,2015-09-09,2015-09-21,all disclosed
ocd-division/country:ca/csd:4806016,2015-G-0259,Personal Information,259,general,organization,2015-09-09,2015-09-21,all disclosed
ocd-division/country:ca/csd:4806016,2015-P-0272,Personal Information,272,personal,,2015-09-18,2015-09-21,nothing disclosed
ocd-division/country:ca/csd:4806016,2015-P-0272,Personal Information,272,personal,,2015-09-18,2015-09-21,nothing disclosed
ocd-division/country:ca/csd:4806016,2015-F-0275,Consult from Canadian Heritage,275,consult,,2015-09-21,2015-09-23,all disclosed
ocd-division/country:ca/csd:4806016,2015-G-0254,Personal Information,254,general,public,2015-08-17,2015-09-25,nothing disclosed
ocd-division/country:ca/csd:4806016,2015-G-0242,Bylaw infractions regarding 608-9th St SW & 609-8th St. SW,242,general,business,2015-08-27,2015-09-28,discontinued
ocd-division/country:ca/csd:4806016,2015-G-0243,Bylaw infractions regarding 620 & 700- 67th Ave. SW,243,general,business,2015-08-27,2015-09-28,discontinued
ocd-division/country:ca/csd:4806016,2015-G-0244,Bylaw infractions regarding 2105-90th Ave. SW,244,general,business,2015-08-27,2015-09-28,discontinued
ocd-division/country:ca/csd:4806016,2015-G-0245,Bylaw infractions regarding 110-124 26th Ave. SW,245,general,business,2015-08-27,2015-09-28,discontinued
ocd-division/country:ca/csd:4806016,2015-G-0246,Bylaw infractions regarding 104-26th Ave. SW,246,general,business,2015-08-27,2015-09-28,discontinued
ocd-division/country:ca/csd:4806016,2015-G-0247,Bylaw infractions regarding 2524 & 2528-66th Ave. SW,247,general,business,2015-08-27,2015-09-28,discontinued
ocd-division/country:ca/csd:4806016,2015-G-0248,Bylaw infractions regarding 1320-16th Ave. SW,248,general,business,2015-08-27,2015-09-28,discontinued
ocd-division/country:ca/csd:4806016,2015-G-0252,Bylaw infractions regarding 2229-16th Street SE,252,general,public,2015-09-01,2015-09-30,disclosed in part
ocd-division/country:ca/csd:4806016,2015-P-0269,Personal Information,269,personal,,2015-09-16,2015-10-01,disclosed in part
ocd-division/country:ca/csd:4806016,2015-B-0281,Consult from Alberta International & Intergovernmental Relations,281,consult,,2015-10-01,2015-10-01,all disclosed
ocd-division/country:ca/csd:4806016,2015-P-0282,Personal Information,282,personal,,2015-10-01,2015-10-01,discontinued
ocd-division/country:ca/csd:4806016,2015-G-0255,Records relationg to 4115-61 Ave. SE Bay 5,255,general,business,2015-09-08,2015-10-02,disclosed in part
ocd-division/country:ca/csd:4806016,2015-G-0263,Video and reports on the investigation at 2236-36th St. NE of the sewer line,263,general,business,2015-09-10,2015-10-06,all disclosed
ocd-division/country:ca/csd:4806016,2015-G-0262,Bylaw infractions for 6352 Travois Cres,262,general,public,2015-09-09,2015-10-07,disclosed in part
ocd-division/country:ca/csd:4806016,2015-P-0295,Personal Information,295,personal,,2015-10-05,2015-10-07,discontinued
ocd-division/country:ca/csd:4806016,2015-P-0294,Personal Information,294,personal,,2015-10-07,2015-10-07,discontinued
ocd-division/country:ca/csd:4806016,2015-P-0260,Personal Information,260,personal,,2015-09-09,2015-10-08,discontinued
ocd-division/country:ca/csd:4806016,2015-P-0266,Personal Information,266,personal,,2015-09-14,2015-10-08,disclosed in part
ocd-division/country:ca/csd:4806016,2015-P-0278,Personal Information,278,personal,,2015-09-28,2015-10-08,disclosed in part
ocd-division/country:ca/csd:4806016,2015-P-0249,Personal Information,249,personal,,2015-08-27,2015-10-09,disclosed in part
ocd-division/country:ca/csd:4806016,2015-G-0277,Copy of a Building Permit for 1922 Broadview Rd NW,277,general,public,2015-09-28,2015-10-13,all disclosed
ocd-division/country:ca/csd:4806016,2015-B-0298,Consult from Alberta Environment and Parks,298,consult,,2015-10-08,2015-10-13,all disclosed
ocd-division/country:ca/csd:4806016,2015-P-0268,Personal Information,268,personal,,2015-09-16,2015-10-14,disclosed in part
ocd-division/country:ca/csd:4806016,2015-G-0211,Environmental records re 3425-26th Ave SE,211,general,business,2015-07-27,2015-10-16,all disclosed
ocd-division/country:ca/csd:4806016,2015-G-0270,Work orders for the property at 3347-57 Ave SE,270,general,,2015-08-16,2015-10-19,all disclosed
ocd-division/country:ca/csd:4806016,2015-G-0273,"Bylaw Infractions for 1400, 1404, 1408, 1412-16th Ave NW",273,general,business,2015-09-18,2015-10-19,discontinued
ocd-division/country:ca/csd:4806016,2015-B-0299,Consult from Alberta municipal Affairs,299,consult,,2015-10-08,2015-10-19,disclosed in part
ocd-division/country:ca/csd:4806016,2015-B-0301,Consult from Rocky View County,301,consult,,2015-10-09,2015-10-19,all disclosed
ocd-division/country:ca/csd:4806016,2015-P-0287,Personal Information,287,personal,,2015-10-01,2015-10-22,discontinued
ocd-division/country:ca/csd:4806016,2015-P-0288,Personal Information,288,personal,,2015-10-02,2015-10-23,nothing disclosed
ocd-division/country:ca/csd:4806016,2015-G-0302,Building Permit Drawings for 643 Varsity Estates Cres NW,302,general,business,2015-10-13,2015-10-23,discontinued
ocd-division/country:ca/csd:4806016,2015-G-0251,"Email correspondence between Diane Colley-Urquhart and Livery Transport Services, Marc Halat for the period of January 1, 2011 to August 28, 2015",251,general,business,2015-08-31,2015-10-27,disclosed in part
ocd-division/country:ca/csd:4806016,2015-G-0239,C&D Waste Composition Study 2010: Technical Memorandum; 2014 ICI and C&D Waste Composition Summary,239,general,business,2015-08-25,2015-10-28,all disclosed
ocd-division/country:ca/csd:4806016,2015-P-0309,Personal Information,309,personal,,2015-10-19,2015-10-30,discontinued
ocd-division/country:ca/csd:4806016,2015-F-0312,Consult from Infrastructure Canada,312,consult,,2015-10-28,2015-10-30,all disclosed
ocd-division/country:ca/csd:4806016,2015-G-0052,Requesting information on water and sewer lines pertaining to the property for planning for 2507 - 16th Street SE,52,general,business,2015-02-27,2015-11-02,disclosed in part
ocd-division/country:ca/csd:4806016,2015-C-0175,Personal Information,175,personal,,2015-06-25,2015-11-02,
ocd-division/country:ca/csd:4806016,2015-G-0315,Vendor Evaluation,315,general,business,2015-10-29,2015-11-02,nothing disclosed
ocd-division/country:ca/csd:4806016,2015-G-0315,Vendor Evaluation from CHC,315,general,business,2015-10-29,2015-11-02,nothing disclosed
ocd-division/country:ca/csd:4806016,2015-P-0316,Personal Information,316,personal,,2015-10-30,2015-11-02,discontinued
ocd-division/country:ca/csd:4806016,2015-P-0316,Personal Information,316,personal,,2015-10-30,2015-11-02,discontinued
ocd-division/country:ca/csd:4806016,2015-G-0292,"The cost The City has paid, per business unit, to reflect the number of professional educational courses and personal development courses that City employees have taken which results in receipt of a certificate, diploma, degree, masters degree or PhD abd a list of those courses. Timeline: January 1, 2010-January 1, 2015.",292,general,public,2015-10-06,2015-11-03,all disclosed
ocd-division/country:ca/csd:4806016,2015-G-0297,The number of tickets purchased by The City to attend the Calgary Economic Development Event (Economic Outlook) and the cost paid for those tickets.,297,general,public,2015-10-06,2015-11-03,all disclosed
ocd-division/country:ca/csd:4806016,2015-P-0326,Personal Information,326,personal,,2015-11-05,2015-11-05,discontinued
ocd-division/country:ca/csd:4806016,2015-G-0303,Bylaw Infractions/complaints against 2335-162 Ave SW,303,general,business,2015-10-13,2015-11-09,disclosed in part
ocd-division/country:ca/csd:4806016,2015-B-0307,Consult from Alberta Municipal Affairs,307,consult,,2015-10-16,2015-11-09,disclosed in part
ocd-division/country:ca/csd:4806016,2015-G-0313,"Bylaw Complaints made against the property located at 1514-10 Ave SE, Calgary",313,general,public,2015-10-28,2015-11-09,discontinued
ocd-division/country:ca/csd:4806016,2015-F-0322,Consult from Infrastructure Canada,322,consult,,2015-11-04,2015-11-10,all disclosed
ocd-division/country:ca/csd:4806016,2015-P-0305,Personal Information,305,personal,,2015-10-13,2015-11-12,disclosed in part
ocd-division/country:ca/csd:4806016,2015-G-0325,Records regarding development and building Permits for 48-27th Ave SW,325,general,public,2015-11-04,2015-11-12,nothing disclosed
ocd-division/country:ca/csd:4806016,2015-P-0231,Personal Information,231,personal,,2015-08-17,2015-11-13,disclosed in part
ocd-division/country:ca/csd:4806016,2015-B-0340,Consult from Service Alberta,340,consult,,2015-11-13,2015-11-13,all disclosed
ocd-division/country:ca/csd:4806016,2015-G-0306,Records relating to maintenance/complaints made about condition of Brentwood LRT Station parking lot walkways/sidewalks/footpaths.,306,general,business,2015-10-15,2015-11-16,disclosed in part
ocd-division/country:ca/csd:4806016,2015-B-0341,Consult from Alberta Transportation,341,consult,,2015-11-13,2015-11-16,all disclosed
ocd-division/country:ca/csd:4806016,2015-G-0296,Level 1 (Phase I) Environmental Site Assessment of 21200-15 Street SE ,296,general,business,2015-10-07,2015-11-18,disclosed in part
ocd-division/country:ca/csd:4806016,2015-G-0232,"Contract between New flyer and Calgary Transit for option exercise for 20 forty-foot buses released on 03/06/2014 via New flyer website
Contract between New flyer and Calgary Transit-150 forty-foot buses released on 09/26/2013 via New flyer website",232,general,business,2015-08-18,2015-11-19,disclosed in part
ocd-division/country:ca/csd:4806016,2015-G-0320,"Copy of the approved storm water sizing report by stormceptor: including The City of Calgary checklist for Oil/Grit separator: Project: Currie Barracks, Phase 3
",320,general,business,2015-11-04,2015-11-19,nothing disclosed
ocd-division/country:ca/csd:4806016,2015-B-0337,Consult from Alberta Transportation,337,consult,,2015-11-10,2015-11-19,all disclosed
ocd-division/country:ca/csd:4806016,2015-G-0348,Fire Investigation report re 11300 Tuscany Blvd. NW,348,general,business,2015-11-17,2015-11-19,nothing disclosed
ocd-division/country:ca/csd:4806016,2015-G-0311,"Confirmation of compliance with Bylaw, Building & Fire Code and to ensure there are no outstanding deficiencies and orders on the property at 5745-53 Street SE.",311,general,business,2015-10-26,2015-11-20,all disclosed
ocd-division/country:ca/csd:4806016,2015-G-0290,House plans for 17 Discovery Ridge Landing SW,290,general,public,2015-10-02,2015-11-23,all disclosed
ocd-division/country:ca/csd:4806016,2015-G-0284,Enviornmental records re 808-830 9th Ave SW,284,general,business,2015-10-01,2015-11-26,all disclosed
ocd-division/country:ca/csd:4806016,2015-G-0314,Development applications and related documents with respect to 608-7th Ave. SW Calgary,314,general,business,2015-10-30,2015-11-26,disclosed in part
ocd-division/country:ca/csd:4806016,2015-G-0355,911 Call,355,general,,2015-11-26,2015-11-26,discontinued
ocd-division/country:ca/csd:4806016,2015-P-0317,Personal Information,317,personal,,2015-11-02,2015-12-02,disclosed in part
ocd-division/country:ca/csd:4806016,2015-G-0351,Traffic Sequencing chart,351,general,,2015-11-18,2015-12-02,discontinued
ocd-division/country:ca/csd:4806016,2015-G-0138,Enviornmental  records re 401-4 Ave SE and Phae II Environmental Assessment,138,general,business,2015-05-28,2015-12-03,disclosed in part
ocd-division/country:ca/csd:4806016,2015-G-0283,Enviornmental records re 208-222 9th Ave SW,283,general,business,2015-10-01,2015-12-03,disclosed in part
ocd-division/country:ca/csd:4806016,2015-G-0285,Records related to or information about the composition of the tank walls at Glenmore Water Treatment Plant,285,general,business,2015-10-01,2015-12-03,nothing disclosed
ocd-division/country:ca/csd:4806016,2015-G-0318,Bylaw file # A15-009140,318,general,business,2015-11-03,2015-12-03,disclosed in part
ocd-division/country:ca/csd:4806016,2015-G-0319,Complaint file # A15-004677,319,general,public,2015-11-03,2015-12-03,disclosed in part
ocd-division/country:ca/csd:4806016,2015-G-0370,Fire Records pertaining to 400 Eau Claire ,370,general,,2015-12-02,2015-12-03,nothing disclosed
ocd-division/country:ca/csd:4806016,2015-P-0293,Personal Information,293,personal,,2015-10-07,2015-12-04,disclosed in part
ocd-division/country:ca/csd:4806016,2015-G-0323,Complaint file re 3502-14 Ave SE,323,general,public,2015-11-04,2015-12-04,disclosed in part
ocd-division/country:ca/csd:4806016,2015-P-0371,Personal Information,371,personal,,2015-12-03,2015-12-04,discontinued
ocd-division/country:ca/csd:4806016,2015-P-0372,Personal Information,372,personal,,2015-12-03,2015-12-04,discontinued
ocd-division/country:ca/csd:4806016,2015-G-0189,All records on DP 2014-2002 for 614-10 Avenue SW,189,general,business,2015-07-10,2015-12-07,disclosed in part
ocd-division/country:ca/csd:4806016,2015-P-0335,Personal Information,335,personal,,2015-11-06,2015-12-07,disclosed in part
ocd-division/country:ca/csd:4806016,2015-G-0362,"Summary of the complaints for 9600-114 Ave SE, 10919-84th St. SE, 10811-84 St NE, 10885-84 St SE, 10857-84 St SE, 10800-84 St SE, 11000-84 St NE.",362,general,business,2015-11-27,2015-12-07,all disclosed
ocd-division/country:ca/csd:4806016,2015-G-0274,"
Copies of Province's purchase documents, applications and intentions for use of the 10th Ave Lands ",274,general,business,2015-09-18,2015-12-08,disclosed in part
ocd-division/country:ca/csd:4806016,2015-G-0280,"Scientific/technical information including environmental reports that document any soil and/or groundwater impacts at the site, and any remedial measures and any environmental reports for 11808-85 Street NW",280,general,business,2015-09-28,2015-12-08,disclosed in part
ocd-division/country:ca/csd:4806016,2015-G-0304,"Phase I Environmental Assessment Report for 178-96 Ave NE completed on November 14, 2002. Planning File # DP2002-3291",304,general,business,2015-10-13,2015-12-08,all disclosed
ocd-division/country:ca/csd:4806016,2015-G-0350,Bylaw complaints made against the property located at 750 Erin Wood Dr. SE ,350,general,public,2015-11-18,2015-12-09,disclosed in part
ocd-division/country:ca/csd:4806016,2015-G-0190,All records on LOC 2014-0061 for 111-9 Avenue SW,190,general,business,2015-07-10,2015-12-10,disclosed in part
ocd-division/country:ca/csd:4806016,2015-F-0380,Consult from Transport Canada,380,consult,organization,2015-12-09,2015-12-10,all disclosed
ocd-division/country:ca/csd:4806016,2015-G-0339,"Bylaw complaints against the property located at 1514-10 Ave SE, Calgary, AB",339,general,public,2015-11-12,2015-12-11,disclosed in part
ocd-division/country:ca/csd:4806016,2015-G-0142,All documentation related to the cost associated with repairing/replacing the in-ground infrastructure at Midfield Mobile Home Park,142,general,public,2015-05-29,2015-12-12,disclosed in part
ocd-division/country:ca/csd:4806016,2015-G-0303,"All Scientific/Technical reports regarding the environmental condiditon of the Site, the address is SW01-026-01 W5M",303,general,business,2014-10-23,2015-12-13,disclosed in part
ocd-division/country:ca/csd:4806016,2015-G-0113,Emails between staff and Enmax and reports re manhole fire in the area of 8th St & 5th Ave that began on 2014 October 12,113,general,public,2015-05-27,2015-12-13,discontinued
ocd-division/country:ca/csd:4806016,2015-G-0342,Bylaw infractions summaries for the following properties: 1515-12 St SW,342,general,business,2015-11-13,2015-12-14,discontinued
ocd-division/country:ca/csd:4806016,2015-G-0342,Bylaw infractions summaries for the following properties:1515-12 St SW,342,general,business,2015-11-13,2015-12-14,discontinued
ocd-division/country:ca/csd:4806016,2015-G-0343,Bylaw infractions summaries for the following properties: 2160 Paliswood Rd. SW & 2127 90 Ave SW,343,general,business,2015-11-13,2015-12-14,discontinued
ocd-division/country:ca/csd:4806016,2015-G-0343,Bylaw infractions summaries for the following properties: 2160 Paliswood Rd. SW; 2127 90 Ave SW,343,general,business,2015-11-13,2015-12-14,discontinued
ocd-division/country:ca/csd:4806016,2015-G-0346,"Copy of House Drawings Dp & BP, glid slip for the property located at 317 Skyview Springs Garden NE.",346,general,business,2015-11-16,2015-12-14,disclosed in part
ocd-division/country:ca/csd:4806016,2015-G-0346,Copy of House Drawings for the property located at 317 Skyview Springs Garden NE.,346,general,business,2015-11-16,2015-12-14,disclosed in part
ocd-division/country:ca/csd:4806016,2015-P-0382,Personal Information,382,personal,,2015-12-14,2015-12-14,discontinued
ocd-division/country:ca/csd:4806016,2015-P-0382,Personal Information,382,personal,,2015-12-14,2015-12-14,discontinued
ocd-division/country:ca/csd:4806016,2015-G-0384,Fire Records pertaining to 1941 Uxbridge Dr NW,384,general,business,0012-09-20,2015-12-15,nothing disclosed
ocd-division/country:ca/csd:4806016,2015-P-0384,Personal Information,384,personal,,2015-12-15,2015-12-15,discontinued
ocd-division/country:ca/csd:4806016,2015-G-0345,"Bylaw infractions summaries for the following properties: 1705 Macleod Trail SE, 229-17 Ave SE, 235-17 Ave SE",345,general,business,2015-11-16,2015-12-18,discontinued
ocd-division/country:ca/csd:4806016,2015-G-0276,Documents submitted by winning bidder for request for proposal # 14-1752.,276,general,business,2015-09-24,2015-12-20,disclosed in part
ocd-division/country:ca/csd:4806016,2015-G-0158,Technical reports pertaining to environmental concern for the following addresses: 2115-4th St. SW; 1920-4th St. SW; 2219-4th St. SW; 2210-2nd St. SW,158,general,business,2015-06-15,2015-12-21,disclosed in part
ocd-division/country:ca/csd:4806016,2015-P-0308,Personal Information,308,personal,,2015-10-20,2015-12-21,disclosed in part
ocd-division/country:ca/csd:4806016,2015-G-0381,"Building plans or any other related records for the address of: 51 Tararidge Dr. NE, Calgary, AB  T3J 2R7",381,general,business,0012-11-20,2015-12-22,nothing disclosed
